a study in steampunk choice by gaslight	A Study in Steampunk: Choice by Gaslight
a study in steampunk choice by gaslight.app	A Study in Steampunk: Choice by Gaslight
albion-online	Albion Online
albion-online.app	Albion Online
avalonlords	Avalon Lords: Dawn Rises
avalonlords.app	Avalon Lords: Dawn Rises
bloonstd6	Bloons TD 6
bloonstd6.app	Bloons TD 6
brawlhalla	Brawlhalla
brawlhalla.app	Brawlhalla
cardhunter	Card Hunter
cardhunter.app	Card Hunter
cargocommander	Cargo Commander
cargocommander.app	Cargo Commander
chess2	Chess2
chess2.app	Chess2
csgo_osx64	Counter-Strike: Global Offensive
csgo_osx64.app	Counter-Strike: Global Offensive
diablo iii	Diablo III
diablo iii.app	Diablo III
doki doki literature club	Doki Doki Literature Club
doki doki literature club.app	Doki Doki Literature Club
dota2	Dota 2
dota2.app	Dota 2
dota_osx	Dota 2
dota_osx.app	Dota 2
dustforce	Dustforce
dustforce.app	Dustforce
eu4	Europa Universalis IV
eu4.app	Europa Universalis IV
everlasting summer	Everlasting Summer
everlasting summer.app	Everlasting Summer
factorio	Factorio
factorio.app	Factorio
final fantasy xiv	FINAL FANTASY XIV ONLINE
final fantasy xiv.app	FINAL FANTASY XIV ONLINE
fortniteclient-mac-shipping	Fortnite
fortniteclient-mac-shipping.app	Fortnite
gettingoverit	Getting Over It with Bennett Foddy
gettingoverit.app	Getting Over It with Bennett Foddy
guild wars 2 64-bit	Guild Wars 2
guild wars 2 64-bit.app	Guild Wars 2
gunsoficarusonline	Guns of Icarus Online
gunsoficarusonline.app	Guns of Icarus Online
gw2	Guild Wars 2
gw2.app	Guild Wars 2
halcyondive	Starlight Re:Volver
halcyondive.app	Starlight Re:Volver
hate plus	Hate Plus
hate plus.app	Hate Plus
hearthstone	Hearthstone
hearthstone.app	Hearthstone
heroes	Heroes of the Storm
heroes.app	Heroes of the Storm
hollow knight silksong	Hollow Knight: Silksong
hollow knight silksong.app	Hollow Knight: Silksong
huniepop	HuniePop
huniepop.app	HuniePop
isaac	The Binding of Isaac
isaac.app	The Binding of Isaac
league of legends	League of Legends
league of legends.app	League of Legends
leagueoflegends	League of Legends
leagueoflegends.app	League of Legends
lethalleague	Lethal League
lethalleague.app	Lethal League
lollauncher	League of Legends
lollauncher.app	League of Legends
mtga	Magic: The Gathering Arena
mtga.app	Magic: The Gathering Arena
osu!	osu!
osu!.app	osu!
outlast	Outlast
outlast.app	Outlast
raid	Raid: Shadow Legends
raid.app	Raid: Shadow Legends
reus	Reus
reus.app	Reus
roblox	ROBLOX
roblox.app	ROBLOX
runescape	RuneScape
runescape.app	RuneScape
sc2	StarCraft II: Battle Chest
sc2.app	StarCraft II: Battle Chest
shovelknight	Shovel Knight
shovelknight.app	Shovel Knight
sinarun	SinaRun
sinarun.app	SinaRun
slayer-playground	UV Slayer Playground
slayer-playground.app	UV Slayer Playground
spirit city - lofi sessions	Spirit City: Lofi Sessions
spirit city - lofi sessions.app	Spirit City: Lofi Sessions
starbound	Starbound
starbound.app	Starbound
teeworlds	Teeworlds
teeworlds.app	Teeworlds
terraria	Terraria
terraria.app	Terraria
the binding of isaac rebirth	The Binding of Isaac: Rebirth
the binding of isaac rebirth.app	The Binding of Isaac: Rebirth
the sims 4	The Sims 4
the sims 4.app	The Sims 4
trine	Trine Enchanted Edition
trine.app	Trine Enchanted Edition
trine2	Trine 2 Director's Cut
trine2.app	Trine 2 Director's Cut
undertale	UNDERTALE
undertale.app	UNDERTALE
wakfu	WAKFU
wakfu.app	WAKFU
warcraft iii	Warcraft III: Reign of Chaos
warcraft iii.app	Warcraft III: Reign of Chaos
world of warcraft	World of Warcraft
world of warcraft.app	World of Warcraft
wuthering waves	Wuthering Waves
wuthering waves.app	Wuthering Waves
wutheringwaves	Wuthering Waves
wutheringwaves.app	Wuthering Waves
wz2100	Warzone 2100
wz2100.app	Warzone 2100
ygopro	YGOPro
ygopro.app	YGOPro
